M, N, K, <<unknown>>, <<unknown>>, <<unknown>>, <<unknown>>
4, 4, 4, 0.036000562508789198, 0.032682241797523305, 0.034137885051340182, 0.031597136509503833
499, 499, 499, 95.221946075523704, 124.58541906946093, 7.2697056543778205, 66.227455919630415
256, 1024, 512, 74.813118994002366, 77.897739929042331, 6.8000212429694873, 52.055489950729324
