M, N, K, <<unknown>>, <<unknown>>, <<unknown>>, <<unknown>>
4, 4, 4, 0.030754444978375782, 0.026337448559670785, 0.035140700068634186, 0.022091819123230931
499, 499, 499, 118.01393164962491, 102.87201881727998, 7.4543071370167331, 70.930078485967925
256, 1024, 512, 72.964323962298423, 78.099697796418894, 7.1404423417181189, 52.698498978267104
