M, N, K, <<unknown>>, <<unknown>>, <<unknown>>, <<unknown>>
4, 4, 4, 0.034834671383861752, 0.034371643394199791, 0.034622667027319448, 0.034133333333333335
499, 499, 499, 95.902928882564908, 113.57112814530529, 7.5999964011109782, 70.570056620073004
256, 1024, 512, 72.775649079010805, 76.097198779657404, 6.970131134021762, 52.854995013502432
