M, N, K, <<unknown>>, <<unknown>>, <<unknown>>, <<unknown>>
4, 4, 4, 0.03189633690505856, 0.037020968908170644, 0.031208094599536752, 0.035398230088495575
499, 499, 499, 95.449146383807715, 97.648026531650743, 7.588665963518392, 80.321384445991953
256, 1024, 512, 66.842971016667079, 76.68907402175067, 6.7033868336301756, 50.946099351889515
