M, N, K, <<unknown>>, <<unknown>>, <<unknown>>, <<unknown>>
4, 4, 4, 0.027064171688339154, 0.024864024864024864, 0.03024574669187146, 0.027518004944641513
499, 499, 499, 95.206769751814065, 100.40920723139598, 7.8164341485469357, 72.673116900682487
256, 1024, 512, 73.403809548289857, 73.328875905358146, 6.7070226345900306, 49.64061190061539
