M, N, K, int8, int16, float16, float64
4, 4, 4, 0.041177416760495418, 0.031714568880079286, 0.038294689603590129, 0.039475713184271399
499, 499, 499, 17.062356490834528, 18.096151762644361, 2.9459278644198572, 13.993409742188279
256, 1024, 512, 6.5292215988279656, 5.6317852987124288, 2.6409114348511276, 7.8854996792699446
