M, N, K, <<unknown>>, <<unknown>>, <<unknown>>, <<unknown>>
4, 4, 4, 0.030396580384706721, 0.028104072894939072, 0.03535911602209945, 0.035894559730790809
499, 499, 499, 87.645748271398034, 100.39403597941482, 7.7406204605257765, 72.154231656713762
256, 1024, 512, 68.473646484914056, 80.742448465058388, 6.773240801058666, 49.914001947579003
