M, N, K, <<unknown>>, float64, <<unknown>>, <<unknown>>
4, 4, 4, 0.026862539349422877, 0.0273650454302512, 0.026531246761322416, 0.026947368421052633
499, 499, 499, 135.21176464186999, 138.61986373580768, 9.6505150949888048, 67.70136294685085
256, 1024, 512, 88.672599194322274, 99.980504142087653, 6.0718199805054969, 65.33680728005136
