M, N, K, <<unknown>>, <<unknown>>, <<unknown>>, <<unknown>>
4, 4, 4, 0.033706385780118503, 0.02679786454516906, 0.03276590298220914, 0.030600047812574711
499, 499, 499, 84.501318340679362, 98.993504351678041, 7.5915335791244649, 71.826356891178889
256, 1024, 512, 76.560529304492121, 75.843525862574381, 6.7057307707440303, 37.925296328181723
