M, N, K, <<unknown>>, <<unknown>>, <<unknown>>, <<unknown>>
4, 4, 4, 0.037031679444524811, 0.035634743875278395, 0.034744842562432141, 0.032938754503345345
499, 499, 499, 95.087752500854251, 105.71091455215485, 7.6813363274419286, 71.16702139967947
256, 1024, 512, 66.260186960364905, 70.360024848171903, 7.0022576107588881, 55.580220196144936
