M, N, K, <<unknown>>, <<unknown>>, <<unknown>>, <<unknown>>
4, 4, 4, 0.037122969837587012, 0.028215584701862674, 0.034106048494537702, 0.029588534442903377
499, 499, 499, 99.799418841059605, 96.547974828673119, 7.4989666981631151, 74.267690701662815
256, 1024, 512, 65.987326895256501, 75.198186741683116, 7.0235796791035296, 50.303727859046731
