M, N, K, <<unknown>>, <<unknown>>, <<unknown>>, <<unknown>>
4, 4, 4, 0.02679786454516906, 0.024895458523777111, 0.026700041718815185, 0.028371938379696333
499, 499, 499, 83.386042519322018, 92.873041654458149, 7.3168856765863657, 78.969035296031791
256, 1024, 512, 68.782285417493554, 79.22117806459363, 6.7464158802784189, 50.978346559871895
