M, N, K, <<unknown>>, <<unknown>>, <<unknown>>, <<unknown>>
4, 4, 4, 0.033893817026347153, 0.028760813391753737, 0.034510649770827719, 0.035590157097177819
499, 499, 499, 111.33427387632145, 97.323326710074554, 7.7538950072357107, 72.811075119466594
256, 1024, 512, 66.896351016907047, 73.643823590372762, 6.5247050850822808, 52.1144845152673
