M, N, K, <<unknown>>, <<unknown>>, <<unknown>>, <<unknown>>
4, 4, 4, 0.029585114989021152, 0.027705627705627709, 0.031860609831985069, 0.03512623490669594
499, 499, 499, 84.398790853319227, 90.549117475586641, 7.7842921795793245, 71.146666582685029
256, 1024, 512, 66.15930431490726, 80.232948491213051, 7.3380732107219124, 47.342425088171119
