M, N, K, <<unknown>>, <<unknown>>, <<unknown>>, <<unknown>>
4, 4, 4, 0.035102152749211572, 0.035320088300220751, 0.034547908232118757, 0.035585209897136504
499, 499, 499, 93.287596559474821, 113.25699159789104, 8.1605873362731227, 77.468104178847227
256, 1024, 512, 68.083228615933351, 74.402720828610441, 7.3515339224096143, 54.73710766258052
