M, N, K, <<unknown>>, <<unknown>>, <<unknown>>, <<unknown>>
4, 4, 4, 0.03617351985304508, 0.031414897533439692, 0.034702453571912706, 0.032904884318766071
499, 499, 499, 98.039856962166141, 86.109925530539883, 7.0241876372962437, 70.730152070838599
256, 1024, 512, 69.52238576357172, 77.356613714835888, 6.9567071388898896, 48.874079385127317
